A ADSX BIO CHIP, 6 + 6 + 24 + 114 + 144 + 12 + 54 + 90 + 18 + 48 + 54 + 96 = 666,
A BABBLING CHURCH, 6 + 12 + 6 + 12 + 12 + 72 + 54 + 84 + 42 + 18 + 48 + 126 + 108 + 18 + 48 = 666,
A BABYLON ANGEL, 6 + 12 + 6 + 12 + 150 + 72 + 90 + 84 + 6 + 84 + 42 + 30 + 72 = 666,
A BAKED POTATO, 6 + 12 + 6 + 66 + 30 + 24 + 96 + 90 + 120 + 6 + 120 + 90 = 666,
A BARCODE LABELING, 6 + 12 + 6 + 108 + 18 + 90 + 24 + 30 + 72 + 6 + 12 + 30 + 72 + 54 + 84 + 42 = 666,
A BEAST OF WAR, 6 + 12 + 30 + 6 + 114 + 120 + 90 + 36 + 138 + 6 + 108 = 666,
A BIBLE ANIMAL ARK, 6 + 12 + 54 + 12 + 72 + 30 + 6 + 84 + 54 + 78 + 6 + 72 + 6 + 108 + 66 = 666,
A BIBLE NO MORE, 6 + 12 + 54 + 12 + 72 + 30 + 84 + 90 + 78 + 90 + 108 + 30 = 666,
A BIOCHIP DEVICE, 6 + 12 + 54 + 90 + 18 + 48 + 54 + 96 + 24 + 30 + 132 + 54 + 18 + 30 = 666,
A BIOSTAR CARD, 6 + 12 + 54 + 90 + 114 + 120 + 6 + 108 + 18 + 6 + 108 + 24 = 666,
A BIRD FLU DEATH, 6 + 12 + 54 + 108 + 24 + 36 + 72 + 126 + 24 + 30 + 6 + 120 + 48 = 666,
A BLOODY HELL, 6 + 12 + 72 + 90 + 90 + 24 + 150 + 48 + 30 + 72 + 72 = 666,
A BOROBUDOR, 6 + 12 + 90 + 108 + 90 + 12 + 126 + 24 + 90 + 108 = 666,
A BREAST MILK, 6 + 12 + 108 + 30 + 6 + 114 + 120 + 78 + 54 + 72 + 66 = 666,
A BREASTFED BABY, 6 + 12 + 108 + 30 + 6 + 114 + 120 + 36 + 30 + 24 + 12 + 6 + 12 + 150 = 666,
A BURIAL AT A SEA, 6 + 12 + 126 + 108 + 54 + 6 + 72 + 6 + 120 + 6 + 114 + 30 + 6 = 666,
A BUTT LIFT, 6 + 12 + 126 + 120 + 120 + 72 + 54 + 36 + 120 = 666,
A CAMBODIA GENOCIDE, 6 + 18 + 6 + 78 + 12 + 90 + 24 + 54 + 6 + 42 + 30 + 84 + 90 + 18 + 54 + 24 + 30 = 666,
A CANNIBAL TRIBE, 6 + 18 + 6 + 84 + 84 + 54 + 12 + 6 + 72 + 120 + 108 + 54 + 12 + 30 = 666,
A CAPITALIST, 6 + 18 + 6 + 96 + 54 + 120 + 6 + 72 + 54 + 114 + 120 = 666,
A CARPET MITE, 6 + 18 + 6 + 108 + 96 + 30 + 120 + 78 + 54 + 120 + 30 = 666,
A CASCADIAN QUAKE, 6 + 18 + 6 + 114 + 18 + 6 + 24 + 54 + 6 + 84 + 102 + 126 + 6 + 66 + 30 = 666,
A CAUSE OF PAIN, 6 + 18 + 6 + 126 + 114 + 30 + 90 + 36 + 96 + 6 + 54 + 84 = 666,
A CHANGING TIME, 6 + 18 + 48 + 6 + 84 + 42 + 54 + 84 + 42 + 120 + 54 + 78 + 30 = 666,
A CHIP  A CHIP  A CHIP,,
A CHIP IN THE HEAD, 6 + 18 + 48 + 54 + 96 + 54 + 84 + 120 + 48 + 30 + 48 + 30 + 6 + 24 = 666,
A CHIP SCANNER, 6 + 18 + 48 + 54 + 96 + 114 + 18 + 6 + 84 + 84 + 30 + 108 = 666,
A CHRISTMAS, 6 + 18 + 48 + 108 + 54 + 114 + 120 + 78 + 6 + 114 = 666,
A CHRONIC LIAR, 6 + 18 + 48 + 108 + 90 + 84 + 54 + 18 + 72 + 54 + 6 + 108 = 666,
A CHURCH SUED, 6 + 18 + 48 + 126 + 108 + 18 + 48 + 114 + 126 + 30 + 24 = 666,
A CIRCULAR PI, 6 + 18 + 54 + 108 + 18 + 126 + 72 + 6 + 108 + 96 + 54 = 666,
A CLONED ARMY, 6 + 18 + 72 + 90 + 84 + 30 + 24 + 6 + 108 + 78 + 150 = 666,
A CLONED HUMAN, 6 + 18 + 72 + 90 + 84 + 30 + 24 + 48 + 126 + 78 + 6 + 84 = 666,
A CLOSE COMET, 6 + 18 + 72 + 90 + 114 + 30 + 18 + 90 + 78 + 30 + 120 = 666,
A CLUB OF ROME, 6 + 18 + 72 + 126 + 12 + 90 + 36 + 108 + 90 + 78 + 30 = 666,
A COMET BLAST, 6 + 18 + 90 + 78 + 30 + 120 + 12 + 72 + 6 + 114 + 120 = 666,
A COVID VACCINE, 6 + 18 + 90 + 132 + 54 + 24 + 132 + 6 + 18 + 18 + 54 + 84 + 30 = 666,
A CYBER HUMAN, 6 + 18 + 150 + 12 + 30 + 108 + 48 + 126 + 78 + 6 + 84 = 666,
A CYCLONE FENCE, 6 + 18 + 150 + 18 + 72 + 90 + 84 + 30 + 36 + 30 + 84 + 18 + 30 = 666,
A DAMAGED OZONE, 6 + 24 + 6 + 78 + 6 + 42 + 30 + 24 + 90 + 156 + 90 + 84 + 30 = 666,
A DANCING STAR, 6 + 24 + 6 + 84 + 18 + 54 + 84 + 42 + 114 + 120 + 6 + 108 = 666,
A DAVE CHAPPELLE, 6 + 24 + 6 + 132 + 30 + 18 + 48 + 6 + 96 + 96 + 30 + 72 + 72 + 30 = 666,
A DEAD SEA'S SALT, 6 + 24 + 30 + 6 + 24 + 114 + 30 + 6 + 114 + 114 + 6 + 72 + 120 = 666,
A DEATH THREAT, 6 + 24 + 30 + 6 + 120 + 48 + 120 + 48 + 108 + 30 + 6 + 120 = 666,
A DECEMBER QUAKE, 6 + 24 + 30 + 18 + 30 + 78 + 12 + 30 + 108 + 102 + 126 + 6 + 66 + 30 = 666,
A DEMONIC FORCE, 6 + 24 + 30 + 78 + 90 + 84 + 54 + 18 + 36 + 90 + 108 + 18 + 30 = 666,
A DEVIL NIGHT, 6 + 24 + 30 + 132 + 54 + 72 + 84 + 54 + 42 + 48 + 120 = 666,
A DISABILITY, 6 + 24 + 54 + 114 + 6 + 12 + 54 + 72 + 54 + 120 + 150 = 666,
A DJINN WISH, 6 + 24 + 60 + 54 + 84 + 84 + 138 + 54 + 114 + 48 = 666,
A EDEN APPLE = EVE,,
A EVIL HOUR,,
A FAKE OSAMA DEATH,,
A FALSE TEACHING, 6 + 36 + 6 + 72 + 114 + 30 + 120 + 30 + 6 + 18 + 48 + 54 + 84 + 42 = 666,
A FATHER POPE, 6 + 36 + 6 + 120 + 48 + 30 + 108 + 96 + 90 + 96 + 30 = 666,
A FLESH DESIRE,,
A FORODESINE,,
A FRANK'S BOX,,
A GAY KATOEY,,
A GAY STORE,,
A GEMATRIA BLOG,,
A GHOST BOX,,
A GIFT GIVING, 6 + 42 + 54 + 36 + 120 + 42 + 54 + 132 + 54 + 84 + 42 = 666,
A GILBERT BAKER,,
A GLOBAL CHURCH,,
A GOD IS THERE, 6 + 42 + 90 + 24 + 54 + 114 + 120 + 48 + 30 + 108 + 30 = 666,
A GOD PARTICLE,,
A GOOD PEOPLE,,
A GOOD REWARD,,
A GOOGLE LOGO,,
A GOOGLE SIGN,,
A GRAY ARCHON,,
A GRAY DRAGON,,
A GREAT DRAGON,,
A GREEN AVOCADO,,
A GRIM REAPER,,
A HAIR FOLLICLE,,
A HAWAII PIDGIN,,
A HEIL HITLER,,
A HEROIN ADDICT,,
A HIGH FIBER DIET,,
A HINDU GOD OM,,
A HOLY FIGHT,,
A HUG  A HUG  A HUG,,
A HYBRID BRAIN,,
A INDEPENDENT,,
A INJUSTICE,,
A INTERFAITH,,
A INTERRACIAL,,
A JAMES GARFIELD,,
A JEET KUNE DO,,
A JELL-O RECIPE,,
A JOSE LUIS DE JESUS,,
A KARATE CLASS,,
A KHEM EGYPT,,
A KILLING FIELD,,
A KING JEHOVAH,,
A KNOCKOUT,,
A KUKULKHAN,,
A LEPROSY,,
A LESBIAN SEX,,
A LIFE DECISION,,
A MAGIC KINGDOM  CA,,
A MAGICK CURSE,,
A MAN BORN GAY,,
A MAN MADE OF GOLD, 6 + 78 + 6 + 84 + 78 + 6 + 24 + 30 + 90 + 36 + 42 + 90 + 72 + 24 = 666,
A MAN OF STEEL,,
A MARRIAGE CHANGE,,
A MARS DRAGON,,
A MARTIAL LAW,,
A MARVIN GAY,,
A MASON RING, 6 + 78 + 6 + 114 + 90 + 84 + 108 + 54 + 84 + 42 = 666,
A MEDITATION,,
A METEORITE,,
A MINIDRESS,,
A MINTAKA ALIEN,,
A MJ TWELVE,,
A MOAMMAR GADHAFI,,
A MOON AND ALLAH,,
A MORONI LIE,,
A MOTHERLAND,,
A MUMMER DANCE,,
A NAIL  A NAIL  A NAIL,,
A NAME OF LIGHT, 6 + 84 + 6 + 78 + 30 + 90 + 36 + 72 + 54 + 42 + 48 + 120 = 666,
A NEHUSHTAN,,
A NEUROFEEDBACK,,
A NEW AGE HORN,,
A NEW PLANET,,
A NEW YEAR&#8217;S,,
A NINE ONE ONE,,
A NO CARBS DIET,,
A NORDIC BEAST,,
A NORDIC BLOND,,
A NORPLANT,,
A NY BURGER,,
A ONE EYE KING,,
A ORION BELT,,
A OSAMA BIN LADEN ,,
A OUIJA ORACLE,,
A PAGAN TEMPLE,,
A PANDORA BOX,,
A PAUL BOOTH,,
A PEACOCK CULT,,
A PERDITION, 6 + 96 + 30 + 108 + 24 + 54 + 120 + 54 + 90 + 84 = 666,
A PERFECTED MAN,,
A PHOTO CHIP,,
A PI SQUARED,,
A PLAYSLIP,,
A PLEIADIAN ANGEL,,
A POLE SHIFT,,
A POPE FATHER, 6 + 96 + 90 + 96 + 30 + 36 + 6 + 120 + 48 + 30 + 108 = 666,
A POT OF GOLD,,
A PRAYER HAND,,
A PRESIDENT, 6 + 96 + 108 + 30 + 114 + 54 + 24 + 30 + 84 + 120 = 666,
A PRIMATE MAN,,
A PROPHETIC, 6 + 96 + 108 + 90 + 96 + 48 + 30 + 120 + 54 + 18 = 666,
A RAT TEMPLE,,
A RAY CHARLES,,
A RFID CHIP SCAN,,
A RFID MARKING,,
A ROAD TO HELL,,
A ROCKET FIRE, 6 + 108 + 90 + 18 + 66 + 30 + 120 + 36 + 54 + 108 + 30 = 666,
A RONALD REAGAN,,
A ROOMALIVE,,
A SADDAM HUSSEIN,,
A SALEM TRIAL,,
A SANTA SONG,,
A SATAN SANTA,,
A SATAN SONG,,
A SATANIC BOOK,,
A SATANIC GOAT,,
A SATANIC MARK, 6 + 114 + 6 + 120 + 6 + 84 + 54 + 18 + 78 + 6 + 108 + 66 = 666,
A SEA BOTTOM,,
A SEA OF THE ARABAH,,
A SEA STORM,,
A SEA VACATION,,
A SECRET PACT,,
A SENTENCING,,
A SEX DISEASE,,
A SHELL GRIT,,
A SMART CARD ID,,
A SPACE TRASH,,
A SPARROW,,
A SPOILED BABY,,
A STARSHIP,,
A SUGAR CANCER,,
A SWINE FLU A,,
A TALLOW FAT,,
A TEXAS SECEDE,,
A THREE EYES, 6 + 120 + 48 + 108 + 30 + 30 + 30 + 150 + 30 + 114 = 666,
A TIME CHANGING, 6 + 120 + 54 + 78 + 30 + 18 + 48 + 6 + 84 + 42 + 54 + 84 + 42 = 666,
A TORRENT,,
A TRUTHER,,
A USA FALSE FLAG,,
A VATICAN IDOL, 6 + 132 + 6 + 120 + 54 + 18 + 6 + 84 + 54 + 24 + 90 + 72 = 666,
A VILE AUDIENCE,,
A VILLE VALO,,
A VISA CREDIT,,
A WAR IN GULF,,
A WAR IN IRAQ,,
A WARM DECEMBER,,
A WARMING SEA,,
A WEIGHT DIET,,
A WIFE KILLER,,
A WONDERLAND,,
A WORLD DEATH,,
A XENOGRAFT,,
A YOM TOV,,
A.I. JABBERWHACKY,,
A.I. SYSTEM, 6 + 54 + 114 + 150 + 114 + 120 + 30 + 78 = 666,
ABADDON LEFT HAND, 6 + 12 + 6 + 24 + 24 + 90 + 84 + 72 + 30 + 36 + 120 + 48 + 6 + 84 + 24 = 666,
ABDUL EL SAYED, 6 + 12 + 24 + 126 + 72 + 30 + 72 + 114 + 6 + 150 + 30 + 24 = 666,
ABIMELECH KILLED, 6 + 12 + 54 + 78 + 30 + 72 + 30 + 18 + 48 + 66 + 54 + 72 + 72 + 30 + 24 = 666,
ABUSIVE MEN, 6 + 12 + 126 + 114 + 54 + 132 + 30 + 78 + 30 + 84 = 666,
ACCEPT HAND CHIP, 6 + 18 + 18 + 30 + 96 + 120 + 48 + 6 + 84 + 24 + 18 + 48 + 54 + 96 = 666,
ACCUSED HEAVEN, 6 + 18 + 18 + 126 + 114 + 30 + 24 + 48 + 30 + 6 + 132 + 30 + 84 = 666,
ADAM'S CHILDREN, 6 + 24 + 6 + 78 + 114 + 18 + 48 + 54 + 72 + 24 + 108 + 30 + 84 = 666,
ADOLF A HITLER, 6 + 24 + 90 + 72 + 36 + 6 + 48 + 54 + 120 + 72 + 30 + 108 = 666,
ADOLF A. HITLER,,
ADONIKAM KIDS,,
ADULTERATED,,
ADVERSELY,,
AFRICAN JIGABOO,,
AFRICAN NEGRO,,
AFRICAN SLAVE,,
AI SYSTEM, 6 + 54 + 114 + 150 + 114 + 120 + 30 + 78 = 666,
AIRBAG CRASHES,,
AKHENATEN OBAMA, 6 + 66 + 48 + 30 + 84 + 6 + 120 + 30 + 84 + 90 + 12 + 6 + 78 + 6 = 666,
ALADDIN GENIE GOD,,
ALAN WATTS, 6 + 72 + 6 + 84 + 138 + 6 + 120 + 120 + 114 = 666,
ALICE LEA COLEMAN, 6 + 72 + 54 + 18 + 30 + 72 + 30 + 6 + 18 + 90 + 72 + 30 + 78 + 6 + 84 = 666,
ALIEN AIR WAR,,
ALIEN ANARCHY,,
ALIEN BRANCHES,,
ALIEN DEMONS,,
ALIEN ENEMIES,,
ALIEN GALAXY,,
ALIEN GIANTS,,
ALIEN HAY FIELD,,
ALIEN INDIANS,,
ALIEN LEAGUES,,
ALIEN LEFT HAND,,
ALIEN ROBOT,,
ALIEN SECRET,,
ALIENS ABDUCT,,
ALIENS HIDING,,
ALL GOD'S HELP, 6 + 72 + 72 + 42 + 90 + 24 + 114 + 48 + 30 + 72 + 96 = 666,
ALL HAVE A SIGN,,
ALL SOULS,,
ALLAH DISCIPLE,,
ALLAH IS LORD,,
ALLAH POWER,,
ALLOGRAFTS,,
ALTER LAWS,,
AMAZON ALIEN,,
AMERICAN BEAST, 6 + 78 + 30 + 108 + 54 + 18 + 6 + 84 + 12 + 30 + 6 + 114 + 120 = 666,
AMERICAS TV,,
AMUSEMENT,,
AN ABSENCE OF GOD, 6 + 84 + 6 + 12 + 114 + 30 + 84 + 18 + 30 + 90 + 36 + 42 + 90 + 24 = 666,
AN ALPHABET CODED,,
ANCIENT GODS, 6 + 84 + 18 + 54 + 30 + 84 + 120 + 42 + 90 + 24 + 114 = 666,
ANDY KAUFMAN,,
ANGEL WINGS, 6 + 84 + 42 + 30 + 72 + 138 + 54 + 84 + 42 + 114 = 666,
ANGELIC ORDER,,
ANGELS DECEIVE,,
ANIMAL COLLAR,,
ANNOYANCES,,
ANOMALOUS,,
ANOTE TONG,,
ANTIMONY,,
ANUNNAKI GOD,,
APE DESCENDANT,,
APPETITES,,
APPLE CYANIDE,,
APPLE K SNAKE, 6 + 96 + 96 + 72 + 30 + 66 + 114 + 84 + 6 + 66 + 30 = 666,
APRIL DECEMBER, 6 + 96 + 108 + 54 + 72 + 24 + 30 + 18 + 30 + 78 + 12 + 30 + 108 = 666,
ARAB RELIGION,,
ARAB SUICIDES,,
ARAB UPROAR, 6 + 108 + 6 + 12 + 126 + 96 + 108 + 90 + 6 + 108 = 666,
ARABIAN STATE, 6 + 108 + 6 + 12 + 54 + 6 + 84 + 114 + 120 + 6 + 120 + 30 = 666,
ARCTIC CHANGES,,
ARMAGEDDON BEGAN,,
ARMED WOMEN,,
ART LOVER,,
ASANA PRACTICE,,
ASARO'S MUD,,
ASIA MEGA QUAKE,,
ATROCITY,,
ATROPHIES,,
ATTACK BY AIR,,
ATTACK HEAVEN,,
ATTENUATED,,
AUM MUDRAS,,
AZNA'S A FAKE GOD,,
AZTEC CANNIBAL,,
B.K.S. IYENGAR,,
BAAL HALLOWEEN,,
BABADOOK ALIENS,,
BABY POWDER,,
BAD BREATH DRUG,,
BAD TO THE BONE,,
BADGE NUMBERS,,
BAILOUT CASH,,
BANK COLLAPSE,,
BARBARA HAND ALIEN,,
BARBARIAN GODS,,
BATHROOMS,,
BAY SHRIMP,,
BEA RATE OF CHANGE,,
BEACH FRONTS,,
BEAST IS HERE, 12 + 30 + 6 + 114 + 120 + 54 + 114 + 48 + 30 + 108 + 30 = 666,
BEAST LIKE A GOD, 12 + 30 + 6 + 114 + 120 + 72 + 54 + 66 + 30 + 6 + 42 + 90 + 24 = 666,
BEAST TEST, 12 + 30 + 6 + 114 + 120 + 120 + 30 + 114 + 120 = 666,
BEATLES ROCK,,
BEAUTY, 18 + 45 + 9 + 189 + 180 + 225 = 666,
BELIAL LEFT HAND,,
BELIEVE IN MAN,,
BETH OF DECEMBER, 12 + 30 + 120 + 48 + 90 + 36 + 24 + 30 + 18 + 30 + 78 + 12 + 30 + 108 = 666,
BIBLE = DON'T READ,,
BIBLE PLAGUES,,
BIBLE RIDICULE,,
BIBLE SKY GOD,,
BIBLE TOWER,,
BIG BANG HAPPENED,,
BILL GATES IBM, 12 + 54 + 72 + 72 + 42 + 6 + 120 + 30 + 114 + 54 + 12 + 78 = 666,
BILLIE EILISH, 12 + 54 + 72 + 72 + 54 + 30 + 30 + 54 + 72 + 54 + 114 + 48 = 666,
BIN LADEN HAS DIED,,
BIOCRYST,,
BIOFUEL CARS,,
BIOIMPLANT, 12 + 54 + 90 + 54 + 78 + 96 + 72 + 6 + 84 + 120 = 666,
BIO-IMPLANT, 12 + 54 + 90 + 54 + 78 + 96 + 72 + 6 + 84 + 120 = 666,
BIRTH CLASS,,
BLACK APARTHEID,,
BLACK CHOCOLATE,,
BLACK COLORS,,
BLACK FRIDAYS, 12 + 72 + 6 + 18 + 66 + 36 + 108 + 54 + 24 + 6 + 150 + 114 = 666,
BLACK HOLE = BIG BANG,,
BLACK PANTHER, 12 + 72 + 6 + 18 + 66 + 96 + 6 + 84 + 120 + 48 + 30 + 108 = 666,
BLACK PORTAL,,
BLACK TEA DRINK,,
BLACK TONGUE,,
BLACKFACE CLOWN,,
BLASPHEMED GOD,,
BLEACHED BLONDES,,
BLESSED GODS, 12 + 72 + 30 + 114 + 114 + 30 + 24 + 42 + 90 + 24 + 114 = 666,
BLIND EYE MAHDI,,
BLOOD OATHS,,
BLOOD TEARS,,
BLOODSTAIN,,
BLUE DESERT,,
BODY SHAMES,,
BOLIVIA MINE,,
BOLON TZACAB,,
BOLSONARO, 12 + 90 + 72 + 114 + 90 + 84 + 6 + 108 + 90 = 666,
BONDAGE HANDCUFFS,,
BONDAGE PORN,,
BOOK OF BEAST,,
BOOK OF JOHN,,
BOOK OF THE DEAD, 12 + 90 + 90 + 66 + 90 + 36 + 120 + 48 + 30 + 24 + 30 + 6 + 24 = 666,
BOTULISM,,
BOURGEOIS,,
BRAIN REPAIR,,
BRAZILIANS,,
BREAST JOBS,,
BRICKLAYING,,
BRIT MILAHS,,
BRUCE LEE FILM,,
BRUCE LEE HEIR,,
BUDDHA FALSIFIED,,
BUDDHA TEMPLE,,
BUDDHISM BELL,,
BUGARACH HAVEN,,
BURNOUT,,
BUSH AND BLAIR,,
BUSH BIN LADEN,,
BUSH'S WAR,,
BUY PORN,,
BUY SELL O, 12 + 126 + 150 + 114 + 30 + 72 + 72 + 90 = 666,
CABO SAN LUCAS,,
CALCULATE NAME, 18 + 6 + 72 + 18 + 126 + 72 + 6 + 120 + 30 + 84 + 6 + 78 + 30 = 666,
CALCULATION, 18 + 6 + 72 + 18 + 126 + 72 + 6 + 120 + 54 + 90 + 84 = 666,
CALENDAR WHEEL,,
CALIFORNIA BAT,,
CALLED LUCIFER,,
CAMPS OF DEATH,,
CANCER WATER,,
CANNABIS WAX,,
CARBON SCIENCE,,
CARL LENTZ, 18 + 6 + 108 + 72 + 72 + 30 + 84 + 120 + 156 = 666,
CASHLESS CARD,,
CASTANEDA BOOK,,
CATHOLIC DOGMA,,
CATHOLIC IDOL, 18 + 6 + 120 + 48 + 90 + 72 + 54 + 18 + 54 + 24 + 90 + 72 = 666,
CATHOLIC LIAR,,
CATTLE FLESH,,
CAUSES A WAR,,
CBS AS SATANIC, 18 + 12 + 114 + 6 + 114 + 114 + 6 + 120 + 6 + 84 + 54 + 18 = 666,
CDC FLU SHOT,,
CHAMETZ CLEAN,,
CHANGE IN AMERICA,,
CHANGE OF HEART,,
CHANGING A TIME, 18 + 48 + 6 + 84 + 42 + 54 + 84 + 42 + 6 + 120 + 54 + 78 + 30 = 666,
CHANNELLERS, 18 + 48 + 6 + 84 + 84 + 30 + 72 + 72 + 30 + 108 + 114 = 666,
CHARGE MAMMON,,
CHARRED BODIES,,
CHEMICAL PEELS,,
CHEMICAL VACCINE,,
CHEMICAL WHEAT,,
CHESS ACTOR, 18 + 48 + 30 + 114 + 114 + 6 + 18 + 120 + 90 + 108 = 666,
CHEWY CANDY,,
CHILD LURES,,
CHILE QUAKES,,
CHINA FOETICIDE,,
CHINESE WALL,,
CHIPPED IN HAND,,
CHOICE OF DOOM,,
CHRISTIANIA,,
CHRISTOS, 18 + 48 + 108 + 54 + 114 + 120 + 90 + 114 = 666,
CHURCH BELLS,,
CHURCH FIGHT,,
CHURCH HAVEN,,
CITY DUMP,,
CLAIMS IS GOD,,
CLOAKED ALIENS,,
CLOSE MOON,,
CLOUD LIGHT,,
CLOUDS, 27 + 108 + 135 + 189 + 36 + 171 = 666,
CNN WEATHER,,
COAT HANGERS,,
COAT OF ARMS,,
COCAINE PASTE,,
COCCOID BACTERIA,,
COCKTAIL SALAD,,
CODE OF THE BIBLE, 18 + 90 + 24 + 30 + 90 + 36 + 120 + 48 + 30 + 12 + 54 + 12 + 72 + 30 = 666,
COEQUALLY,,
COLEMAN EVIL, 18 + 90 + 72 + 30 + 78 + 6 + 84 + 30 + 132 + 54 + 72 = 666,
COMBATS FIRE,,
COMET CHIPS,,
COMET CLOUD,,
COMET COMES,,
COMET CRACKS,,
COMMERCIALS, 18 + 90 + 78 + 78 + 30 + 108 + 18 + 54 + 6 + 72 + 114 = 666,
COMPETENT,,
COMPUTER, 18 + 90 + 78 + 96 + 126 + 120 + 30 + 108 = 666,
COMRADESHIP,,
CONCOCTION,,
CONFESSING,,
CONFUCIUS,,
CONJURING,,
CONTRAILS,,
CONVERGENCE,,
CONVULSE,,
CO-PARENTS,,
CORPORATE, 18 + 90 + 108 + 96 + 90 + 108 + 6 + 120 + 30 = 666,
CORRUPT, 18 + 90 + 108 + 108 + 126 + 96 + 120 = 666,
COSMIC LORD, 18 + 90 + 114 + 78 + 54 + 18 + 72 + 90 + 108 + 24 = 666,
COSMIC SIGN,,
COW AS SACRED,,
CREATED BY MAN,,
CREATION GOD, 18 + 108 + 30 + 6 + 120 + 54 + 90 + 84 + 42 + 90 + 24 = 666,
CREMATE BODY,,
CRIME SPREE,,
CROSS, 27 + 162 + 135 + 171 + 171 = 666,
CRUEL HEART,,
CRYSTAL ID,,
CULT OF ALLAH,,
CURSES GOD,,
CUT TREES,,
CYBELE'S IDOL,,
CYBER SHOP,,
CYBERSCIENCE,,
DALE EARNHARDT,,
DAMNED DEMONS,,
DANCE IN CHURCH,,
DANIEL ORTEGA,,
DARK MATTER, 24 + 6 + 108 + 66 + 78 + 6 + 120 + 120 + 30 + 108 = 666,
DARK POWER,,
DARK VALLEY,,
DARPA SPHERE,,
DAVID ICKE PLAN,,
DAVID NORSE, 24 + 6 + 132 + 54 + 24 + 84 + 90 + 108 + 114 + 30 = 666,
DEAD BY SUICIDE,,
DEADLY ALIENS,,
DEADLY DIAMOND,,
DEADLY PERIL,,
DEAL FROM HELL,,
DEATH COUNT,,
DEATH LOVES, 24 + 30 + 6 + 120 + 48 + 72 + 90 + 132 + 30 + 114 = 666,
DEATH NUMBER,,
DEATH STONE,,
DECEMBER APRIL, 24 + 30 + 18 + 30 + 78 + 12 + 30 + 108 + 6 + 96 + 108 + 54 + 72 = 666,
DECEMBER COMET,,
DECEMBER MABUS,,
DECODE A BEAST CODE, 24 + 30 + 18 + 90 + 24 + 30 + 6 + 12 + 30 + 6 + 114 + 120 + 18 + 90 + 24 + 30 = 666,
DECODE LORD GOD, 24 + 30 + 18 + 90 + 24 + 30 + 72 + 90 + 108 + 24 + 42 + 90 + 24 = 666,
DECORATE FOOD,,
DEFILED WOMAN,,
DEFORESTS, 24 + 30 + 36 + 90 + 108 + 30 + 114 + 120 + 114 = 666,
DEMON DREAMS,,
DEMON GOD ALLAH,,
DEMON GOD HAPI,,
DEMON GOD YAH,,
DEMONIC BONDAGE,,
DEPOLARIZE,,
DEUTSCHLAND, 24 + 30 + 126 + 120 + 114 + 18 + 48 + 72 + 6 + 84 + 24 = 666,
DEVIL DEAL = HELL,,
DEVIL DRAGON, 24 + 30 + 132 + 54 + 72 + 24 + 108 + 6 + 42 + 90 + 84 = 666,
DEVIL GENE MAN, 24 + 30 + 132 + 54 + 72 + 42 + 30 + 84 + 30 + 78 + 6 + 84 = 666,
DEVIL GENE MAN (DEVIL GENE = MAN),,
DEVIL SHEOL, 24 + 30 + 132 + 54 + 72 + 114 + 48 + 30 + 90 + 72 = 666,
DIBUCAINE BLOCK,,
DICK CLARK  NY,,
DIE HUNGRY,,
DIES BITTER,,
DIGA (DIGITAL ANGEL) E-IMPLANT,,
DIGA (DIGITAL ANGEL) HEALTH CHIP,,
DIGA (DIGITAL ANGEL) VERICHIP ,,
DIGA E-IMPLANT, 24 + 54 + 42 + 6 + 30 + 54 + 78 + 96 + 72 + 6 + 84 + 120 = 666,
DIGITAL ID CHIP,,
DILUVIUM,,
DINNER TIME,,
DIRECTORS,,
DISCORDIAN O, 24 + 54 + 114 + 18 + 90 + 108 + 24 + 54 + 6 + 84 + 90 = 666,
DISHONORED,,
DISNEYLAND  CA,,
DISORDERS,,
DISTILLATE,,
DIVINE SON,,
DNA REASSIGN,,
DOG MANSION,,
DOLLAR CRASH, 24 + 90 + 72 + 72 + 6 + 108 + 18 + 108 + 6 + 114 + 48 = 666,
DOLLAR SIGN, 24 + 90 + 72 + 72 + 6 + 108 + 114 + 54 + 42 + 84 = 666,
DOLLHOUSE,,
DON DRUMPF, 24 + 90 + 84 + 24 + 108 + 126 + 78 + 96 + 36 = 666,
DONATIONS,,
DONKEY, 36 + 135 + 126 + 99 + 45 + 225 = 666,
DOUBLE HEART,,
DOUBLE SPEAK,,
DR JR CHURCH,,
DRAG QUEENS,,
DRAGON ALTAR,,
DRAGON DANCING,,
DRAGON HEART, 24 + 108 + 6 + 42 + 90 + 84 + 48 + 30 + 6 + 108 + 120 = 666,
DRAGON MARKED, 24 + 108 + 6 + 42 + 90 + 84 + 78 + 6 + 108 + 66 + 30 + 24 = 666,
DRAGON SHIP,,
DRAGONHEART,,
DREAM WOMEN,,
DROMEDARIES,,
DRUG WARS,,
DRUID GOD HU,,
DULCE ALIEN AREA,,
DUST MITE,,
EAGLE OF SALADIN,,
EARTH GOBLIN,,
EARTH INVASION,,
EARTH REELS,,
EARTH SLAVE,,
EAT CLEAN MEALS,,
EAT DEER SKIN,,
EAT PIG SKIN,,
EBOLA CORPSE,,
EBOLA VACCINES, 30 + 12 + 90 + 72 + 6 + 132 + 6 + 18 + 18 + 54 + 84 + 30 + 114 = 666,
EDEN IS HEAVEN,,
EDGAR ALLAN POE,,
EGYPT  AFRICA,,
EGYPT'S RA,,
E-IDENTITY, 30 + 54 + 24 + 30 + 84 + 120 + 54 + 120 + 150 = 666,
EJACULATION,,
ELECTRIC FIELD,,
ELECTRONS,,
ELECT'S OF GOD,,
EM WEAPONS,,
EMBALMS BODY,,
EMBEDDED TEXT,,
ENCODED MATHS,,
END TIMES DEAL, 30 + 84 + 24 + 120 + 54 + 78 + 30 + 114 + 24 + 30 + 6 + 72 = 666,
ENEMY OF MAN,,
ENERGY, 45 + 126 + 45 + 162 + 63 + 225 = 666,
ENERGY ROD,,
ENGLISH, 45 + 126 + 63 + 108 + 81 + 171 + 72 = 666,
ERIS ALIENS,,
ERIS BATTLE,,
EROTICISM,,
ESCAPE PLAGUES,,
ESTIMATES, 30 + 114 + 120 + 54 + 78 + 6 + 120 + 30 + 114 = 666,
ET WORKS,,
E-TRADEMARK,,
EVIL BACKWARD,,
EVIL ELEVEN,,
EVIL GATLIN,,
EVIL SAINT,,
EVIL STARE,,
EVIL TALKS,,
EXCESSIVE,,
EXECUTOR,,
EXPLAINING,,
EXTRA LARGE,,
EYE OF SATAN,,
FACTS ARE HATED, 36 + 6 + 18 + 120 + 114 + 6 + 108 + 30 + 48 + 6 + 120 + 30 + 24 = 666,
FAERY LIGHT,,
FALLEN CHURCH,,
FALLING AWAY,,
FALSE GOD AZNA,,
FALSE HEALERS, 36 + 6 + 72 + 114 + 30 + 48 + 30 + 6 + 72 + 30 + 108 + 114 = 666,
FALSE LANGUAGE,,
FALSE MARKET, 36 + 6 + 72 + 114 + 30 + 78 + 6 + 108 + 66 + 30 + 120 = 666,
FALSE SIGNS,,
FAMILY DOGS,,
FASCINATION,,
FATIMA MIRACLE,,
FAVOR MAN,,
FEAR OF ALLAH GOD,,
FEDERAL GRANT,,
FEDERAL LIST,,
FEDERAL RESERVE,,
FEMALE ARCHANGEL,,
FEMALE HUSBAND,,
FEROCIOUS,,
FIAT PAPERS,,
FIENDISHLY,,
FINE PRINT,,
FINISHED, 54 + 81 + 126 + 81 + 171 + 72 + 45 + 36 = 666,
FIRE GODDESS,,
FIRE IS ANGER,,
FIRE SACRIFICE,,
FIRE TRUCK,,
FIREFIGHTER,,
FIRES RAVAGE,,
FISH PEOPLE,,
FISHING NET,,
FISSIONABLE,,
FL SINKHOLE,,
FLAG OF ISRAEL,,
FLAKKA DRUGS,,
FLEECING AMERICA,,
FLEUR DE LIS, 36 + 72 + 30 + 126 + 108 + 24 + 30 + 72 + 54 + 114 = 666,
FLOOD OF NOAH,,
FLORIDA DOVE,,
FLORIDA GULF,,
FLUORIDATE,,
FLUVIRIN,,
FLY A SAUCER,,
FOLD A JACKSON,,
FOLLOW MAN, 36 + 90 + 72 + 72 + 90 + 138 + 78 + 6 + 84 = 666,
FOOD BOWLS,,
FOOD SPOIL,,
FOR MONEY,,
FOREHEAD SIGN, 36 + 90 + 108 + 30 + 48 + 30 + 6 + 24 + 114 + 54 + 42 + 84 = 666,
FORGETTABLE,,
FORMATION, 36 + 90 + 108 + 78 + 6 + 120 + 54 + 90 + 84 = 666,
FORMULATE,,
FOUL FIENDS,,
FOUND IN MAN,,
FRACTAL CUBES,,
FRACTURES,,
FRANK MCKENNA,,
FREEMASON O, 36 + 108 + 30 + 30 + 78 + 6 + 114 + 90 + 84 + 90 = 666,
FRENCH FRIES,,
FRIED APPLES,,
FRIEND DATING,,
FRUIT SALAD,,
GAY CONCERT,,
GAY DECISION,,
GAY OCTOBER,,
GAY PORNO,,
GAY PRIDE FLAG,,
GEFORCE GAME CARD,,
GELATIN BLOCK,,
GEMATRIA, 63 + 45 + 117 + 9 + 180 + 162 + 81 + 9 = 666,
GEMINI SUN, 42 + 30 + 78 + 54 + 84 + 54 + 114 + 126 + 84 = 666,
GENETIC BARCODE,,
GENETIC TREE,,
GENETICIST, 42 + 30 + 84 + 30 + 120 + 54 + 18 + 54 + 114 + 120 = 666,
GENOCIDE OF MAN,,
GERMAN EVIL,,
GERMANIC KING,,
GET RICH DEAL,,
GHOST FLARE,,
GIANT GOD YAH,,
GILGAMESH ARK,,
GIRL BREECHES,,
GIVE A SOUL,,
GIVE PRAISE,,
GIVEN BREATH,,
GIVING A GIFT,,
GLACIER ICE CAPS,,
GOD AND CHARLES, 42 + 90 + 24 + 6 + 84 + 24 + 18 + 48 + 6 + 108 + 72 + 30 + 114 = 666,
GOD AWAKENING,,
GOD CREATION,,
GOD EVOLVED,,
GOD I LUV U, 42 + 90 + 24 + 54 + 72 + 126 + 132 + 126 = 666,
GOD INCARNATE,,
GOD IS A LIGHT, 42 + 90 + 24 + 54 + 114 + 6 + 72 + 54 + 42 + 48 + 120 = 666,
GOD IS HUMAN, 42 + 90 + 24 + 54 + 114 + 48 + 126 + 78 + 6 + 84 = 666,
GOD OF ISRAEL, 42 + 90 + 24 + 90 + 36 + 54 + 114 + 108 + 6 + 30 + 72 = 666,
GOD OF ISREAL, 42 + 90 + 24 + 90 + 36 + 54 + 114 + 108 + 30 + 6 + 72 = 666,
GOD OR DEVIL?,,
GODDESS PELE,,
GOD'S DARK AGES,,
GOD'S FAMILY, 42 + 90 + 24 + 114 + 36 + 6 + 78 + 54 + 72 + 150 = 666,
GOLD PLATES,,
GOLD WAGERS,,
GOLDEN IMAGES, 42 + 90 + 72 + 24 + 30 + 84 + 54 + 78 + 6 + 42 + 30 + 114 = 666,
GOLF LEARJET,,
GOLFER PLANE,,
GOOD AND BAD KARMA,,
GOOD PROOF, 42 + 90 + 90 + 24 + 96 + 108 + 90 + 90 + 36 = 666,
GORGES FOOD,,
GOSPEL, 63 + 135 + 171 + 144 + 45 + 108 = 666,
GRAND RAPIDS,,
GRANDSONS,,
GRAPE JELLY,,
GRAY ALIENS, 42 + 108 + 6 + 150 + 6 + 72 + 54 + 30 + 84 + 114 = 666,
GRAY GOD YAH,,
GREECE'S ATHENA,,
GREEDY BANKS,,
GREEK ALPHABET,,
GREEN DOLLAR, 42 + 108 + 30 + 30 + 84 + 24 + 90 + 72 + 72 + 6 + 108 = 666,
GREY BEINGS, 42 + 108 + 30 + 150 + 12 + 30 + 54 + 84 + 42 + 114 = 666,
GRID MARKING, 42 + 108 + 54 + 24 + 78 + 6 + 108 + 66 + 54 + 84 + 42 = 666,
GULF OIL LEAK,,
GYMNASTIC,,
HABITUALLY,,
HADES RAIN MEN,,
HAILED KING DAVID,,
HAIR WEAVES,,
HAMAS EMBLEMS,,
HAND OR THE HEAD, 48 + 6 + 84 + 24 + 90 + 108 + 120 + 48 + 30 + 48 + 30 + 6 + 24 = 666,
HANDKERCHIEFS,,
HAPPY CHRISTMAS, 43 + 36 + 51 + 51 + 60 + 38 + 43 + 53 + 44 + 54 + 55 + 48 + 36 + 54 = 666,
HARDENED HEART, 48 + 6 + 108 + 24 + 30 + 84 + 30 + 24 + 48 + 30 + 6 + 108 + 120 = 666,
HARSHNESS,,
HAS NO LOVE, 48 + 6 + 114 + 84 + 90 + 72 + 90 + 132 + 30 = 666,
HAS WISDOM, 48 + 6 + 114 + 138 + 54 + 114 + 24 + 90 + 78 = 666,
HATES CHRIST,,
HAUGHTILY,,
HAWAIIAN GODS,,
HE ACCUSES JOB,,
HE DIED AND ROSE,,
HE IS ANTI-GOD,,
HE ROSE AND DIED,,
HEAD OF WORLD,,
HEAD OR HAND,,
HEADHUNTING,,
HEADSTRONG,,
HEAL THE EARTH, 48 + 30 + 6 + 72 + 120 + 48 + 30 + 30 + 6 + 108 + 120 + 48 = 666,
HEALTH RISK,,
HEALTH VACCINE,,
HEAP OF RUBBLE,,
HEARTAGRAMS,,
HEAVED FLOOR,,
HEAVEN AND HELL,,
HEAVEN CULT,,
HEAVEN'S SEAL,,
HELICOPTER, 48 + 30 + 72 + 54 + 18 + 90 + 96 + 120 + 30 + 108 = 666,
HELL = A REAL PLACE,,
HELL = TWICE DEAD,,
HELL BURNS, 48 + 30 + 72 + 72 + 12 + 126 + 108 + 84 + 114 = 666,
HELL DRILLS,,
HELL ENDS LIFE,,
HELL RULER, 48 + 30 + 72 + 72 + 108 + 126 + 72 + 30 + 108 = 666,
HELL SCANNER,,
HELL'S BOSS, 48 + 30 + 72 + 72 + 114 + 12 + 90 + 114 + 114 = 666,
HE'S A FALLEN MAN,,
HEX HEX HEX,,
HIDDEN DARK NAME,,
HIDDEN EVILS,,
HIDDEN KILLER,,
HIGH GROUND,,
HINDU GANESHA,,
HINDU TAMIL,,
HIS EVIL HAND,,
HITLER,,REVERSE EXTENDED
HOGWARTS,,
HOI POLLOI,,
HOLIDAY, 72 + 135 + 108 + 81 + 36 + 9 + 225 = 666,
HOLIDAY SALE,,
HOLOGRAM BEAM,,
HOLY LENT,,
HOLY ROME, 48 + 90 + 72 + 150 + 108 + 90 + 78 + 30 = 666,
HOLY WINE,,
HONEY HIVE,,
HOODOO CANDLE,,
HOPI ANT MAN,,
HORNED BEAST,,
HORRORS,,
HOT YEARS,,
HOTEL BOMBS,,
HOTHOUSE,,
HOUSE CATS,,
HOUSEWIFE,,
HUGO DE JONGE, 48 + 126 + 42 + 90 + 24 + 30 + 60 + 90 + 84 + 42 + 30 = 666,
HUMANITY, 48 + 126 + 78 + 6 + 84 + 54 + 120 + 150 = 666,
HUNGER PANG,,
HYBRID GODS,,
I  PET GOAT II,,
I AM GOD'S WIFE, 54 + 6 + 78 + 42 + 90 + 24 + 114 + 138 + 54 + 36 + 30 = 666,
I AM SAVED, 81 + 9 + 117 + 171 + 9 + 198 + 45 + 36 = 666,
I LOVE EVIL,,
I PET GOAT II, 54 + 96 + 30 + 120 + 42 + 90 + 6 + 120 + 54 + 54 = 666,
ICONOCLAST,,
ICOSAHEDRON, 54 + 18 + 90 + 114 + 6 + 48 + 30 + 24 + 108 + 90 + 84 = 666,
IDAHO ELF WAVE,,
ILLITERATE,,
ILLUSION, 54 + 72 + 72 + 126 + 114 + 54 + 90 + 84 = 666,
IM FREE OF ALLAH, 54 + 78 + 36 + 108 + 30 + 30 + 90 + 36 + 6 + 72 + 72 + 6 + 48 = 666,
IMAGE OF SATAN, 54 + 78 + 6 + 42 + 30 + 90 + 36 + 114 + 6 + 120 + 6 + 84 = 666,
IN A DEEP SLEEP,,
IN A HIDDEN PLAN, 54 + 84 + 6 + 48 + 54 + 24 + 24 + 30 + 84 + 96 + 72 + 6 + 84 = 666,
IN BARACK'S NAME,,
IN THE MAKING,,
INDIA BURNS,,
INFECTED MILK,,
INFINITE PI,,
INFINITUDE,,
INFLICTION,,
INFOMOST, 54 + 84 + 36 + 90 + 78 + 90 + 114 + 120 = 666,
INHALING WEED,,
INSANITY, 54 + 84 + 114 + 6 + 84 + 54 + 120 + 150 = 666,
INVENT A GOD,,
INVERSES,,
IRANIAN FLAGS, 54 + 108 + 6 + 84 + 54 + 6 + 84 + 36 + 72 + 6 + 42 + 114 = 666,
IRAQI ARMY,,
IRIS RFID'S,,
IRIS SCANS,,
IS THERE A GOD?,,
ISLAMIC LEADER, 54 + 114 + 72 + 6 + 78 + 54 + 18 + 72 + 30 + 6 + 24 + 30 + 108 = 666,
ISLAMIC LIES,,
ISRAELI JEW,,
ISRAELI KABBALAH,,
IT IS THE LETTERS.,,
ITALIAN GODS,,
ITS REAL CODE, 54 + 120 + 114 + 108 + 30 + 6 + 72 + 18 + 90 + 24 + 30 = 666,
JACK DORSEY, 60 + 6 + 18 + 66 + 24 + 90 + 108 + 114 + 30 + 150 = 666,
JACOB BETRAYED,,
JAMAICAN ISLAND,,
JAMAICAN RASTA,,
JAMES JONES,,
JAMES REDFIELD,,
JAY-Z = I AM GOD,,
JAY-Z CLONE,,
JAY-Z SIGN,,
JEHOSHAPHAT,,
JELLY CANDY,,
JESUS, 90 + 45 + 171 + 189 + 171 = 666,
JESUS D MANE, 60 + 30 + 114 + 126 + 114 + 24 + 78 + 6 + 84 + 30 = 666,
JESUS D' MANE, 60 + 30 + 114 + 126 + 114 + 24 + 78 + 6 + 84 + 30 = 666,
JESUS DEBATE,,
JESUS DIES,,
JESUS' SIDE,,
JET LASER BEAM,,
JEWISH, 90 + 45 + 207 + 81 + 171 + 72 = 666,
JEWISH HAGGADAH,,
JIRI DRAHOS, 60 + 54 + 108 + 54 + 24 + 108 + 6 + 48 + 90 + 114 = 666,
JORGE MARIO, 60 + 90 + 108 + 42 + 30 + 78 + 6 + 108 + 54 + 90 = 666,
JOSHUA, 90 + 135 + 171 + 72 + 189 + 9 = 666,
JOYRIDING,,
JUNE RAINS,,
JUNEL PILL,,
KATRINA BREACH,,
KEEP SIMPLE, 66 + 30 + 30 + 96 + 114 + 54 + 78 + 96 + 72 + 30 = 666,
KERMADEC WAVE,,
KEY OF LORD, 66 + 30 + 150 + 90 + 36 + 72 + 90 + 108 + 24 = 666,
KIDNAPS A CHILD,,
KILLING A CHILD,,
KILOWATT,,
KING HARRY, 66 + 54 + 84 + 42 + 48 + 6 + 108 + 108 + 150 = 666,
KING HENRY, 66 + 54 + 84 + 42 + 48 + 30 + 84 + 108 + 150 = 666,
KING MARK III, 66 + 54 + 84 + 42 + 78 + 6 + 108 + 66 + 54 + 54 + 54 = 666,
KING OF BEERS,,
KING OTTO,,
KISSINGER, 66 + 54 + 114 + 114 + 54 + 84 + 42 + 30 + 108 = 666,
KNIGHTHOOD,,
KOCH ENERGY,,
KOLBRIN BIBLE,,
L. NERO CAESAR, 72 + 84 + 30 + 108 + 90 + 18 + 6 + 30 + 114 + 6 + 108 = 666,
LAESTADIUS, 72 + 6 + 30 + 114 + 120 + 6 + 24 + 54 + 126 + 114 = 666,
LAKE NATRON,,
LAMB CONDOM,,
LAND OF LIARS,,
LAODICEA CHURCH,,
LASER ATTACK,,
LASER LIGHT,,
LATERAN PACT,,
LAVA FLOWS,,
LEADER OF ALASKA,,
LEFT-HANDED MEN,,
LEFT-HANDED OBAMA,,
LEGEND MOVIE,,
L'ENFANT DIEU, 72 + 30 + 84 + 36 + 6 + 84 + 120 + 24 + 54 + 30 + 126 = 666,
LEVEE SEA BREACH,,
LEVIATHANS,,
LIBERAL HEART,,
LIBYA RIOT,,
LIFE ADDICTION,,
LIGHT OF DAATH, 72 + 54 + 42 + 48 + 120 + 90 + 36 + 24 + 6 + 6 + 120 + 48 = 666,
LIQUORS,,
LISBON PACT,,
LIVES NUDE,,
LIVING MOAI,,
LIZARD ALIEN,,
LOGO MARKS, 72 + 90 + 42 + 90 + 78 + 6 + 108 + 66 + 114 = 666,
LONDINIUM, 72 + 90 + 84 + 24 + 54 + 84 + 54 + 126 + 78 = 666,
LORD GOD HERE, 72 + 90 + 108 + 24 + 42 + 90 + 24 + 48 + 30 + 108 + 30 = 666,
LORD JAY-Z,,
LORD OF GOOD, 72 + 90 + 108 + 24 + 90 + 36 + 42 + 90 + 90 + 24 = 666,
LORD YAHWE,,
LOSES HOME,,
LOVE BOATS,,
LOVE CHANGES,,
LOVE MARY, 72 + 90 + 132 + 30 + 78 + 6 + 108 + 150 = 666,
LOVE SWAN,,
LOVED BY GOD, 72 + 90 + 132 + 30 + 24 + 12 + 150 + 42 + 90 + 24 = 666,
LOVES DEATH, 72 + 90 + 132 + 30 + 114 + 24 + 30 + 6 + 120 + 48 = 666,
LUCENT TECH,,
LUCIFER, 108 + 189 + 27 + 81 + 54 + 45 + 162 = 666,
LUCIFER HADES, 72 + 126 + 18 + 54 + 36 + 30 + 108 + 48 + 6 + 24 + 30 + 114 = 666,
LUCIFER HELL, 72 + 126 + 18 + 54 + 36 + 30 + 108 + 48 + 30 + 72 + 72 = 666,
LUCIFER SEAL,,
LUCIUS GAME,,
LUCKY CANDLE,,
LUCKY DUCK,,
LUCRATIVE,,
LUSTFUL, 72 + 126 + 114 + 120 + 36 + 126 + 72 = 666,
LYNCH MOBS,,
LYNCHINGS,,
MABUS COMES,,
MACRON BEAST, 78 + 6 + 18 + 108 + 90 + 84 + 12 + 30 + 6 + 114 + 120 = 666,
MAD AS A HATTER,,
MADE A BIRTHDAY,,
MADRID BOMBING,,
MADRID TRAIN,,
MAGIC REINDEER, 78 + 6 + 42 + 54 + 18 + 108 + 30 + 54 + 84 + 24 + 30 + 30 + 108 = 666,
MAGIC SANTA ELF, 78 + 6 + 42 + 54 + 18 + 114 + 6 + 84 + 120 + 6 + 30 + 72 + 36 = 666,
MAGICAL ALPHABET,,
MAGICAL CHANTS,,
MAGICK PHRASE,,
MAGNETIC COIL,,
MAHABODHI SNAKE,,
MAHMOUD/BARACK,,
MAIN RULER,,
MAITREYAS,,
MAKE DESOLATE,,
MAKEMAKE DEMON,,
MAKEUP ON FACE,,
MAN CREATED A GOD,,
MAN IS SATAN,,
MAN OF RICHES, 78 + 6 + 84 + 90 + 36 + 108 + 54 + 18 + 48 + 30 + 114 = 666,
MAN OR ANIMAL?,,
MANDATORY, 78 + 6 + 84 + 24 + 6 + 120 + 90 + 108 + 150 = 666,
MANDRAGORAS,,
MANHATTAN BEACH,,
MAN-LIKE FROGS,,
MAN'S LIKE A GOD, 78 + 6 + 84 + 114 + 72 + 54 + 66 + 30 + 6 + 42 + 90 + 24 = 666,
MARCH EASTER,,
MARK AS RING, 78 + 6 + 108 + 66 + 6 + 114 + 108 + 54 + 84 + 42 = 666,
MARK OF BEAST, 78 + 6 + 108 + 66 + 90 + 36 + 12 + 30 + 6 + 114 + 120 = 666,
MARKS OF ASH, 78 + 6 + 108 + 66 + 114 + 90 + 36 + 6 + 114 + 48 = 666,
MARRIAGE TEAM,,
MARS ALIENS,,
MARS GOD YAH,,
MARS HOMES,,
MARS MAGNET,,
MARS MINES,,
MARY LOVE, 78 + 6 + 108 + 150 + 72 + 90 + 132 + 30 = 666,
MASCARA HAIRS,,
MASK THE FACES, 78 + 6 + 114 + 66 + 120 + 48 + 30 + 36 + 6 + 18 + 30 + 114 = 666,
MASON EAGLES,,
MASON PLEDGE,,
MASONIC, 117 + 9 + 171 + 135 + 126 + 81 + 27 = 666,
MASONIC SEAL,,
MASTER SAI BABA,,
MATH CIRCLES,,
MAY FIRST, 78 + 6 + 150 + 36 + 54 + 108 + 114 + 120 = 666,
MAYA PLEIADES,,
MAYAN DEATHS,,
MEAT LOVER,,
MECCA SAUDI ARABIA, 78 + 30 + 18 + 18 + 6 + 114 + 6 + 126 + 24 + 54 + 6 + 108 + 6 + 12 + 54 + 6 = 666,
MEDICINE SIGN,,
MEGA CHURCHES, 78 + 30 + 42 + 6 + 18 + 48 + 126 + 108 + 18 + 48 + 30 + 114 = 666,
MEHNDI DESIGN,,
MELINDA A. GATES, 78 + 30 + 72 + 54 + 84 + 24 + 6 + 6 + 42 + 6 + 120 + 30 + 114 = 666,
MELODY, 117 + 45 + 108 + 135 + 36 + 225 = 666,
MENORAH, 117 + 45 + 126 + 135 + 162 + 9 + 72 = 666,
MENTAL WARD,,
MESSIAH, 117 + 45 + 171 + 171 + 81 + 9 + 72 = 666,
MESSIAH DIES,,
METASTATIC,,
MICHAEL LANDON,,
MICHEL TEMER, 78 + 54 + 18 + 48 + 30 + 72 + 120 + 30 + 78 + 30 + 108 = 666,
MICHELLE L. OBAMA, 78 + 54 + 18 + 48 + 30 + 72 + 72 + 30 + 72 + 90 + 12 + 6 + 78 + 6 = 666,
MIGRAINE HEADACHE,,
MIMING DANCES,,
MINDFLEXES,,
MINK FURS,,
MIRACLE DRUG,,
MIRACLE MELT, 78 + 54 + 108 + 6 + 18 + 72 + 30 + 78 + 30 + 72 + 120 = 666,
MISAPPLY,,
MISUSING,,
MK PROJECT,,
MLM SALE SCAM,,
MONDEX CHIP,,
MONETARY, 78 + 90 + 84 + 30 + 120 + 6 + 108 + 150 = 666,
MONEY GREED,,
MONEYGRAM, 78 + 90 + 84 + 30 + 150 + 42 + 108 + 6 + 78 = 666,
MONISTAT,,
MONOTONE,,
MONSANTO, 78 + 90 + 84 + 114 + 6 + 84 + 120 + 90 = 666,
MOON BLAST,,
MOON SUN, 78 + 90 + 90 + 84 + 114 + 126 + 84 = 666,
MORAL DECLINE,,
MORGELLON,,
MORTAL LIFE,,
MORTAL MEN,,
MORTGAGING,,
MOSLEM ALLAH,,
MOURNING,,
MOUSE FECES,,
MOVIE AWARD,,
MS DRUG GANG,,
MUHAMMAD, 117 + 189 + 72 + 9 + 117 + 117 + 9 + 36 = 666,
MURSHIDS,,
MUSCLE DIET,,
MUSEUMS,,
MY NUMBER, 78 + 150 + 84 + 126 + 78 + 12 + 30 + 108 = 666,
NABTA EGYPT,,
NAGAS SNAKES,,
NASA COLUMBIA,,
NASA SPACE MEN,,
NATIONAL AERONAUTICS AND SPACE ADMINISTRATION, 13 + 26 + 7 + 18 + 12 + 13 + 26 + 15 + 26 + 22 + 9 + 12 + 13 + 26 + 6 + 7 + 18 + 24 + 8 + 26 + 13 + 23 + 8 + 11 + 26 + 24 + 22 + 26 + 23 + 14 + 18 + 13 + 18 + 8 + 7 + 9 + 26 + 7 + 18 + 12 + 13 = 666,
NAUSEATING,,
NAZI VRIL,,
NBC'S PEACOCKS,,
NECROMANCY, 84 + 30 + 18 + 108 + 90 + 78 + 6 + 84 + 18 + 150 = 666,
NERVE AGENT,,
NEW AGE CULT,,
NEW AGE HEALING,,
NEW AGE SHAMANISM,,
NEW AGE YOGI,,
NEW MEXICO, 84 + 30 + 138 + 78 + 30 + 144 + 54 + 18 + 90 = 666,
NEW PARADIGM,,
NEW YORK, 84 + 30 + 138 + 150 + 90 + 108 + 66 = 666,
NICE ANSWER, 84 + 54 + 18 + 30 + 6 + 84 + 114 + 138 + 30 + 108 = 666,
NICOLA TESLA, 84 + 54 + 18 + 90 + 72 + 6 + 120 + 30 + 114 + 72 + 6 = 666,
NIGHTMARE HAG,,
NINHURSAG,,
NO AFTERLIFE,,
NO FALSE BELIEF,,
NO LIMITS, 84 + 90 + 72 + 54 + 78 + 54 + 120 + 114 = 666,
NO MORE BEES,,
NO MORE CASH, 84 + 90 + 78 + 90 + 108 + 30 + 18 + 6 + 114 + 48 = 666,
NOAHIDE LAWS, 84 + 90 + 6 + 48 + 54 + 24 + 30 + 72 + 6 + 138 + 114 = 666,
NORDIC CRAFT,,
NOW BE MARKED,,
NUCLEAR DOME, 84 + 126 + 18 + 72 + 30 + 6 + 108 + 24 + 90 + 78 + 30 = 666,
NUCLEAR IDAHO,,
NUCLEAR ROD,,
NUMBER CHANGE,,
NUNNERY,,
NWO DRAGON,,
O MARK OF DAMN, 90 + 78 + 6 + 108 + 66 + 90 + 36 + 24 + 6 + 78 + 84 = 666,
OBAMA IRAN DRAMA,,
OBAMA'S CODE NAME,,
OBEDIENT, 135 + 18 + 45 + 36 + 81 + 45 + 126 + 180 = 666,
OBLITERATED,,
OCCULT SEAL, 90 + 18 + 18 + 126 + 72 + 120 + 114 + 30 + 6 + 72 = 666,
OCEAN ALIEN LIFE,,
OCEAN DUMPS,,
OCEANFRONT,,
ODIOUS MAN,,
OIL BARRELS,,
OLD BAPHOMET, 90 + 72 + 24 + 12 + 6 + 96 + 48 + 90 + 78 + 30 + 120 = 666,
OLD HORNY,,
OLIVE YARD,,
OM PRAYER,,
OMEN MOVIE,,
OMISSIVE,,
OMNIVORE,,
ON HORSEBACK,,
ON PATROL,,
ON STRIKE,,
ONE DISCIPLE,,
ONE EYED DAJJAL,,
ONE POWER,,
ONE TRUE ID, 90 + 84 + 30 + 120 + 108 + 126 + 30 + 54 + 24 = 666,
ONE USA CHILD, 90 + 84 + 30 + 126 + 114 + 6 + 18 + 48 + 54 + 72 + 24 = 666,
OPINIONS, 90 + 96 + 54 + 84 + 54 + 90 + 84 + 114 = 666,
ORANGE MARS,,
ORGANIC FUEL,,
ORGANIC GEMATRIA,,
ORIGINAL GOD, 90 + 108 + 54 + 42 + 54 + 84 + 6 + 72 + 42 + 90 + 24 = 666,
ORION HOLE,,
ORION LINE,,
OSAMA'S PLAN,,
OTHER GODS,,
OUTLAWS,,
OUTSHINE,,
OUTSIDER,,
OVERTAKEN,,
OXIDATION,,
PACK OF LIARS,,
PAGAN'S SABBATH,,
PAPACY TIARA, 96 + 6 + 96 + 6 + 18 + 150 + 120 + 54 + 6 + 108 + 6 = 666,
PAPAL ARMIES,,
PAPAL STATE, 96 + 6 + 96 + 6 + 72 + 114 + 120 + 6 + 120 + 30 = 666,
PARABLES, 144 + 9 + 162 + 9 + 18 + 108 + 45 + 171 = 666,
PART THREE, 96 + 6 + 108 + 120 + 120 + 48 + 108 + 30 + 30 = 666,
PARTHENON,,
PARTNERS,,
PASHUPATI,,
PASS OUT,,
PASTA PLATE,,
PATIENT CARD,,
PATRIOTIC,,
PAY MAMMON,,
PAY TAX,,
PAZUZU, 96 + 6 + 156 + 126 + 156 + 126 = 666,
PEACE ON EARTH, 96 + 30 + 6 + 18 + 30 + 90 + 84 + 30 + 6 + 108 + 120 + 48 = 666,
PECTIN CANCER,,
PENTACLE IMAGE,,
PENTAGONS,,
PEOPLE SIN, 96 + 30 + 90 + 96 + 72 + 30 + 114 + 54 + 84 = 666,
PERAMIVIR,,
PERFECTION, 96 + 30 + 108 + 36 + 30 + 18 + 120 + 54 + 90 + 84 = 666,
PERIHELION,,
PERJURER,,
PHONY NAME,,
PHOTO SCAN,,
PI HAIR CIRCLE,,
PI IN THE BIBLE,,
PI PYRAMID,,
PI SYMBOL,,
PICTURES, 96 + 54 + 18 + 120 + 126 + 108 + 30 + 114 = 666,
PIG'S PORK,,
PIMENTOS,,
PINE TREES, 96 + 54 + 84 + 30 + 120 + 108 + 30 + 30 + 114 = 666,
PINEAL'S EYE,,
PINETREES, 96 + 54 + 84 + 30 + 120 + 108 + 30 + 30 + 114 = 666,
PINK BOYS,,
PINWHEELS,,
PIRATE DAGGER,,
PITBULLS,,
PIZZAGATE, 96 + 54 + 156 + 156 + 6 + 42 + 6 + 120 + 30 = 666,
PLACE CALLED HELL, 96 + 72 + 6 + 18 + 30 + 18 + 6 + 72 + 72 + 30 + 24 + 48 + 30 + 72 + 72 = 666,
PLANET ALIGN,,
PLASMA BOLT,,
PLAY ACTOR,,
PLAYING GOD,,
POISONED DEAD,,
POKEMON GO, 96 + 90 + 66 + 30 + 78 + 90 + 84 + 42 + 90 = 666,
POPE A FATHER, 96 + 90 + 96 + 30 + 6 + 36 + 6 + 120 + 48 + 30 + 108 = 666,
POPE DRAGON,,
POPE LIARS, 96 + 90 + 96 + 30 + 72 + 54 + 6 + 108 + 114 = 666,
POPE'S IDOL, 96 + 90 + 96 + 30 + 114 + 54 + 24 + 90 + 72 = 666,
POPE'S LIAR, 96 + 90 + 96 + 30 + 114 + 72 + 54 + 6 + 108 = 666,
PORK SOAP,,
POTATOES,,
PRACTICE LAW,,
PRANK CALLER,,
PREACHER, 144 + 162 + 45 + 9 + 27 + 72 + 45 + 162 = 666,
PRE-ADAMITES,,
PREGNANCIES,,
PRESCHOOL,,
PROVIDENCE, 96 + 108 + 90 + 132 + 54 + 24 + 30 + 84 + 18 + 30 = 666,
PUBLIC SEX,,
PUNISHES,,
PUTREFY,,
QUARRELS,,
QUEER PARADE,,
QUICK MEALS,,
RACIST JOKE,,
RADIANT RAY, 108 + 6 + 24 + 54 + 6 + 84 + 120 + 108 + 6 + 150 = 666,
RADIO DISHES,,
RAEL'S CULT,,
RAHM EMANUEL, 108 + 6 + 48 + 78 + 30 + 78 + 6 + 84 + 126 + 30 + 72 = 666,
RAPA NUI CAVE,,
RAPE ADVOCATE,,
RAW APPLES,,
REAL LORD GOD, 108 + 30 + 6 + 72 + 72 + 90 + 108 + 24 + 42 + 90 + 24 = 666,
REBEL ARCHANGEL,,
REBEL KNIGHT,,
REBELLIONS,,
RECEIVE A MARK, 108 + 30 + 18 + 30 + 54 + 132 + 30 + 6 + 78 + 6 + 108 + 66 = 666,
RECEP ERDOGAN, 108 + 30 + 18 + 30 + 96 + 30 + 108 + 24 + 90 + 42 + 6 + 84 = 666,
RED COLOUR,,
RED FIRE BALLS,,
RED HOT CHILI,,
RED SEA DRAGON,,
RED STATES,,
REFUSE A CHIP,,
REFUSE RFID,,
RELATIVES,,
RENTAL HOME,,
REPENTETH,,
REPTILIAN CD,,
RETINAL I.D.'S,,
REVOLTS,,
RFID BODYTAG,,
RFID CANCER MICE,,
RFID EMBEDDED ARM,,
RFID EMBEDDED MEN,,
RFID PHOTO,,
RFID SCANNER, 108 + 36 + 54 + 24 + 114 + 18 + 6 + 84 + 84 + 30 + 108 = 666,
RING BEAST A O, 108 + 54 + 84 + 42 + 12 + 30 + 6 + 114 + 120 + 6 + 90 = 666,
RISK PLAY,,
RIVER RAT,,
ROBOT CARS,,
ROBOT NICO,,
RODEO RIDER,,
RUBELLA PAIN,,
RUBIK'S CUBE,,
RULELESS,,
S S NUMBER, 114 + 114 + 84 + 126 + 78 + 12 + 30 + 108 = 666,
SACKCLOTHS,,
SACRED CHAKRAS,,
SANSKRIT, 114 + 6 + 84 + 114 + 66 + 108 + 54 + 120 = 666,
SANTA CLAUS, 114 + 6 + 84 + 120 + 6 + 18 + 72 + 6 + 126 + 114 = 666,
SAPPHIRES,,
SARAH L. PALIN,,
SATAN ATTACK,,
SATAN BOUND,,
SATAN CULT,,
SATAN DRONE, 114 + 6 + 120 + 6 + 84 + 24 + 108 + 90 + 84 + 30 = 666,
SATANIC FAITH,,
SATANIC GEMATRIA,,
SATANIC MAGICK,,
SATANIC SCARAB,,
SATANIC SEAS,,
SATANIC SET,,
SATANIC TARE, 114 + 6 + 120 + 6 + 84 + 54 + 18 + 120 + 6 + 108 + 30 = 666,
SATAN'S DEEDS, 114 + 6 + 120 + 6 + 84 + 114 + 24 + 30 + 30 + 24 + 114 = 666,
SATAN'S HELL, 114 + 6 + 120 + 6 + 84 + 114 + 48 + 30 + 72 + 72 = 666,
SATAN'S PLACE,,
SATAN'S RFID, 114 + 6 + 120 + 6 + 84 + 114 + 108 + 36 + 54 + 24 = 666,
SATAN'S SEAL,,
SATANTIC KILL,,
SAUDI REGIME,,
SAVAGE CANNIBAL,,
SCANDINAVIAN,,
SCIENTISM,,
SCORNERS,,
SCOUNDREL,,
SCREECH OWL,,
SEA CUCUMBER,,
SEA LETTUCE,,
SEA TRIANGLE,,
SEARCHING CODE, 114 + 30 + 6 + 108 + 18 + 48 + 54 + 84 + 42 + 18 + 90 + 24 + 30 = 666,
SECOND ROME, 114 + 30 + 18 + 90 + 84 + 24 + 108 + 90 + 78 + 30 = 666,
SECOND WAVE, 114 + 30 + 18 + 90 + 84 + 24 + 138 + 6 + 132 + 30 = 666,
SEE THE SIGN,,
SEED MINGLER,,
SELL THE BIBLE,,
SEMINOLES,,
SENATORS, 114 + 30 + 84 + 6 + 120 + 90 + 108 + 114 = 666,
SEOK CHURCH,,
SET ON FIRE, 114 + 30 + 120 + 90 + 84 + 36 + 54 + 108 + 30 = 666,
SETH ROGEN, 114 + 30 + 120 + 48 + 108 + 90 + 42 + 30 + 84 = 666,
SEVEN SEALED,,
SEX CHANGING,,
SEX PORN,,
SEX TRAFFIC,,
SHADOW ALIEN,,
SHADOW BOX,,
SHAPE SHIFT,,
SHARIA BEHEADING,,
SHARIA LAWS, 114 + 48 + 6 + 108 + 54 + 6 + 72 + 6 + 138 + 114 = 666,
SHAVES HEAD BALD,,
SHAVING A BEARD,,
SHEMALE SEX,,
SHINY HAIR,,
SHOLOMON, 114 + 48 + 90 + 72 + 90 + 78 + 90 + 84 = 666,
SHOWGIRL,,
SIDEBURNS,,
SIGIL MAKING,,
SIGNIFICANT, 114 + 54 + 42 + 84 + 54 + 36 + 54 + 18 + 6 + 84 + 120 = 666,
SIMPLE, 171 + 81 + 117 + 144 + 108 + 45 = 666,
SIN IS GOOD,,
SIN PEOPLE, 114 + 54 + 84 + 96 + 30 + 90 + 96 + 72 + 30 = 666,
SIX LINES, 114 + 54 + 144 + 72 + 54 + 84 + 30 + 114 = 666,
SIX TOES,,
SKEPTIC MAN,,
SKULL - BONE,,
SKY DRONE,,
SKY LIGHT,,
SKY PROBE,,
SLAUGHTER, 114 + 72 + 6 + 126 + 42 + 48 + 120 + 30 + 108 = 666,
SLAVE OWN,,
SLAVE SHIP,,
SNAKE K APPLE, 114 + 84 + 6 + 66 + 30 + 66 + 6 + 96 + 96 + 72 + 30 = 666,
SOKAR BEAST,,
SOMEWHERE,,
SON OF DAWN,,
SON OF SIN, 114 + 90 + 84 + 90 + 36 + 114 + 54 + 84 = 666,
SONGS, 171 + 135 + 126 + 63 + 171 = 666,
SORCERIES, 114 + 90 + 108 + 18 + 30 + 108 + 54 + 30 + 114 = 666,
SORCEROR, 114 + 90 + 108 + 18 + 30 + 108 + 90 + 108 = 666,
SPACE ALIEN FLAG,,
SPACE KEPLER,,
SPACE SAUCER,,
SPACE WATER,,
SPACECRAFTS, 114 + 96 + 6 + 18 + 30 + 18 + 108 + 6 + 36 + 120 + 114 = 666,
SPECIATION,,
SPEECHLESS,,
SPIDER HOLE,,
SS NUMBER, 114 + 114 + 84 + 126 + 78 + 12 + 30 + 108 = 666,
STAFF LIKE A BEAM,,
STEVE AYALA, 114 + 120 + 30 + 132 + 30 + 6 + 150 + 6 + 72 + 6 = 666,
STOCK PANIC,,
STONE MOAI,,
STRAINING,,
STRANGE CODE,,
STRENGTH, 114 + 120 + 108 + 30 + 84 + 42 + 120 + 48 = 666,
STUBBORN, 114 + 120 + 126 + 12 + 12 + 90 + 108 + 84 = 666,
SUICIDE KING,,
SUN CANCER AGE,,
SUN CHANGES,,
SUN FIRES,,
SUN MOON, 114 + 126 + 84 + 78 + 90 + 90 + 84 = 666,
SUN SHIELD,,
SUNDAY OFF,,
SUN'S MAX,,
SUPERCELL,,
SUPERMEN,,
SUPPOSE,,
SWEARS GOD,,
SWINDLING,,
SYLLABUS,,
TABLE SALTS,,
TAFARI CULT,,
TAIJI HARBOR,,
TALKING HEADS,,
TAPEWORM,,
TAR FEATHERED,,
TELEPORT,,
TEMPLE OF BEL,,
TERMINALS, 120 + 30 + 108 + 78 + 54 + 84 + 6 + 72 + 114 = 666,
TESLA ENGINE,,
TEXAS REBEL,,
THAI CHILDREN,,
THANKING A GOD,,
THE ANTI-ALLAH, 120 + 48 + 30 + 6 + 84 + 120 + 54 + 6 + 72 + 72 + 6 + 48 = 666,
THE BAD SEED,,
THE CAPITAL D.C.,,
THE CHIP IN A HEAD, 120 + 48 + 30 + 18 + 48 + 54 + 96 + 54 + 84 + 6 + 48 + 30 + 6 + 24 = 666,
THE EDEN SNAKE, 120 + 48 + 30 + 30 + 24 + 30 + 84 + 114 + 84 + 6 + 66 + 30 = 666,
THE FACE MASKS, 120 + 48 + 30 + 36 + 6 + 18 + 30 + 78 + 6 + 114 + 66 + 114 = 666,
THE FALSE MAHDI,,
THE GOD OF JACOB,,
THE GOLD CUP, 120 + 48 + 30 + 42 + 90 + 72 + 24 + 18 + 126 + 96 = 666,
THE GOLD FIDDLE, 120 + 48 + 30 + 42 + 90 + 72 + 24 + 36 + 54 + 24 + 24 + 72 + 30 = 666,
THE HAND OR HEAD, 120 + 48 + 30 + 48 + 6 + 84 + 24 + 90 + 108 + 48 + 30 + 6 + 24 = 666,
THE HIDDEN ONE,,
THE KING, 180 + 72 + 45 + 99 + 81 + 126 + 63 = 666,
THE NBA FINALS, 120 + 48 + 30 + 84 + 12 + 6 + 36 + 54 + 84 + 6 + 72 + 114 = 666,
THE SEX BIBLE,,
THE START, 120 + 48 + 30 + 114 + 120 + 6 + 108 + 120 = 666,
THE TESLA BEAM,,
THE YOGA BIBLE,,
THERE IS A GOD, 120 + 48 + 30 + 108 + 30 + 54 + 114 + 6 + 42 + 90 + 24 = 666,
THERMO LIFE,,
THETA SLEEP,,
THREE CHIPS,,
THREE HUGS,,
THREE NAILS,,
THREE PART, 120 + 48 + 108 + 30 + 30 + 96 + 6 + 108 + 120 = 666,
TIMING A DEATH,,
TO BE A DRUNK,,
TO DIVORCE, 120 + 90 + 24 + 54 + 132 + 90 + 108 + 18 + 30 = 666,
TO EAT APPLE,,
TO EAT CORN,,
TO FEED MOLECH,,
TO GYRATE,,
TO PLEDGE A FLAG,,
TO TELL A LIE, 120 + 90 + 120 + 30 + 72 + 72 + 6 + 72 + 54 + 30 = 666,
TOBACCO CROP,,
TOLD ON CASH,,
TOM J. HANKS, 120 + 90 + 78 + 60 + 48 + 6 + 84 + 66 + 114 = 666,
TOMAHAWKS,,
TOP NOTCH,,
TORAH BIBLES,,
TORNADOES,,
TRACKING MAN,,
TRANSFIX,,
TREACHERIES, 120 + 108 + 30 + 6 + 18 + 48 + 30 + 108 + 54 + 30 + 114 = 666,
TREASURED, 120 + 108 + 30 + 6 + 114 + 126 + 108 + 30 + 24 = 666,
TRIPLE VI,,
TSUNAMI AID,,
TUG-OF-WAR,,
TUNED RADIO,,
TUTTING,,
TYCOONS,,
U. S. OF AMERICA, 126 + 114 + 90 + 36 + 6 + 78 + 30 + 108 + 54 + 18 + 6 = 666,
UFO CARD DISK,,
UFO PORT,,
UNCLE WALT,,
UNCLEAN JOKE,,
UNDRINKABLE,,
UNRULY,,
UP UP UP, 126 + 96 + 126 + 96 + 126 + 96 = 666,
US OF AMERICA,,
US RUINED,,
USA ANARCHY,,
USA COLLAPSE,,
USA MARK III, 126 + 114 + 6 + 78 + 6 + 108 + 66 + 54 + 54 + 54 = 666,
USA ONE CHILD, 126 + 114 + 6 + 90 + 84 + 30 + 18 + 48 + 54 + 72 + 24 = 666,
USA VATICAN, 126 + 114 + 6 + 132 + 6 + 120 + 54 + 18 + 6 + 84 = 666,
USUALLY,,
UTAH CHURCH,,
VACCINATION, 132 + 6 + 18 + 18 + 54 + 84 + 6 + 120 + 54 + 90 + 84 = 666,
VACUUMING,,
VANQUISH,,
VATICAN ALIEN,,
VATICAN HILL, 132 + 6 + 120 + 54 + 18 + 6 + 84 + 48 + 54 + 72 + 72 = 666,
VATICAN USA, 132 + 6 + 120 + 54 + 18 + 6 + 84 + 126 + 114 + 6 = 666,
VEGAS CITY,,
VEGAS MAGICIAN,,
VENEZUELA, 132 + 30 + 84 + 30 + 156 + 126 + 30 + 72 + 6 = 666,
VENUS DAY,,
VERIFY GOD, 132 + 30 + 108 + 54 + 36 + 150 + 42 + 90 + 24 = 666,
VERISHIELD,,
VOID TRANCE,,
VONAGE WI-FI,,
VORTICES,,
WACO  TEXAS,,
WALTER REED, 138 + 6 + 72 + 120 + 30 + 108 + 108 + 30 + 30 + 24 = 666,
WE ARE ALL ONE, 138 + 30 + 6 + 108 + 30 + 6 + 72 + 72 + 90 + 84 + 30 = 666,
WEAKER SEX,,
WEARS A MASK,,
WEAVER IDAHO,,
WEDDING CHAPEL,,
WHALE BLUBBER,,
WHEELCHAIRS,,
WHITE DOVE,,
WHITE RACES,,
WHO PANDEMIC, 138 + 48 + 90 + 96 + 6 + 84 + 24 + 30 + 78 + 54 + 18 = 666,
WICCAN BELIEFS,,
WICCAN PAGANS,,
WICKED BEINGS,,
WICKED CANNIBAL,,
WICKED MOLECH,,
WICKED THREE,,
WILD OLIVE,,
WILL BURN,,
WIRETAPS,,
WISECRACKS,,
WITCHCRAFT, 138 + 54 + 120 + 18 + 48 + 18 + 108 + 6 + 36 + 120 = 666,
WITCHERY,,
WITHIN MAN, 138 + 54 + 120 + 48 + 54 + 84 + 78 + 6 + 84 = 666,
WOMAN GODS, 138 + 90 + 78 + 6 + 84 + 42 + 90 + 24 + 114 = 666,
WOODGNOME,,
WORD OF PEACE,,
WORLD ID CARD, 138 + 90 + 108 + 72 + 24 + 54 + 24 + 18 + 6 + 108 + 24 = 666,
WORLD NET,,
WRINKLES,,
WTC ATTACKED,,
WTC BASE FIRE,,
WTC SEVEN,,
XENA EVIDENCE,,
XENOPHOBIC,,
XMAS TREE, 18 + 84 + 156 + 48 + 42 + 54 + 132 + 132 = 666,REVERSE ENGLISH SUMERIAN
YAM GOD OF SEA,,
YEZIDI INDIA,,
YOGI POSE,,
YOSEMITE, 150 + 90 + 114 + 30 + 78 + 54 + 120 + 30 = 666,
ZODIAC WHEEL,,
ZOMBIE ALIEN,,
A BIBLE = NO MORE, 6 + 12 + 54 + 12 + 72 + 30 + 84 + 90 + 78 + 90 + 108 + 30 = 666
A CHIP A CHIP A CHIP, 6 + 18 + 48 + 54 + 96 + 6 + 18 + 48 + 54 + 96 + 6 + 18 + 48 + 54 + 96 = 666
YOU ARE GOD, 150 + 90 + 126 + 6 + 108 + 30 + 42 + 90 + 24 = 666
